position	from_trait	to_trait	from_aa	to_aa	effect	confidence	rationale
1	Phe	Tyr	Q	M	Unknown	Low	Q→M (insufficient information)
1	Phe	Tyr	Q	N	Neutral	High	Conservative substitution (same physicochemical group)
1	Phe	Tyr	D	M	Destabilizing	Low	Charged→Hydrophobic (surface charge loss, or buried hydrophobic gain)
1	Phe	Tyr	D	N	Unknown	Low	D→N (insufficient information)
2	Phe	Tyr	R	Q	Unknown	Low	R→Q (insufficient information)
2	Phe	Tyr	R	N	Unknown	Low	R→N (insufficient information)
2	Phe	Tyr	K	Q	Unknown	Low	K→Q (insufficient information)
2	Phe	Tyr	K	N	Unknown	Low	K→N (insufficient information)
2	Phe	Trp	R	M	Destabilizing	Low	Charged→Hydrophobic (surface charge loss, or buried hydrophobic gain)
2	Phe	Trp	K	M	Destabilizing	Low	Charged→Hydrophobic (surface charge loss, or buried hydrophobic gain)
2	Trp	Tyr	M	Q	Unknown	Low	M→Q (insufficient information)
2	Trp	Tyr	M	N	Unknown	Low	M→N (insufficient information)
3	Phe	Tyr	K	Y	Unknown	Low	K→Y (insufficient information)
3	Phe	Tyr	K	G	Destabilizing	Low	Large size change (K→G, Δsize=-4)
3	Phe	Tyr	D	Y	Unknown	Low	D→Y (insufficient information)
3	Phe	Tyr	D	G	Unknown	Low	D→G (insufficient information)
3	Phe	Trp	K	N	Unknown	Low	K→N (insufficient information)
3	Phe	Trp	D	N	Unknown	Low	D→N (insufficient information)
3	Trp	Tyr	N	Y	Unknown	Low	N→Y (insufficient information)
3	Trp	Tyr	N	G	Unknown	Low	N→G (insufficient information)
5	Phe	Tyr	L	N	Unknown	Low	L→N (insufficient information)
5	Phe	Tyr	L	E	Destabilizing	Medium	Hydrophobic→Charged (buried hydrophobic may become exposed charged)
5	Phe	Trp	L	T	Unknown	Low	L→T (insufficient information)
5	Trp	Tyr	T	N	Neutral	High	Conservative substitution (same physicochemical group)
5	Trp	Tyr	T	E	Unknown	Low	T→E (insufficient information)
17	Phe	Tyr	T	A	Unknown	Low	T→A (insufficient information)
17	Phe	Tyr	T	L	Unknown	Low	T→L (insufficient information)
17	Phe	Tyr	M	A	Neutral	High	Conservative substitution (same physicochemical group)
17	Phe	Tyr	M	L	Neutral	High	Conservative substitution (same physicochemical group)
17	Phe	Trp	T	V	Unknown	Low	T→V (insufficient information)
17	Phe	Trp	M	V	Neutral	High	Conservative substitution (same physicochemical group)
17	Trp	Tyr	V	A	Neutral	High	Conservative substitution (same physicochemical group)
17	Trp	Tyr	V	L	Neutral	High	Conservative substitution (same physicochemical group)
24	Phe	Tyr	H	V	Unknown	Low	H→V (insufficient information)
24	Phe	Tyr	H	E	Unknown	Low	H→E (insufficient information)
24	Phe	Tyr	A	V	Neutral	High	Conservative substitution (same physicochemical group)
24	Phe	Tyr	A	E	Destabilizing	Medium	Hydrophobic→Charged (buried hydrophobic may become exposed charged)
24	Phe	Trp	H	L	Unknown	Low	H→L (insufficient information)
24	Phe	Trp	A	L	Neutral	High	Conservative substitution (same physicochemical group)
24	Trp	Tyr	L	V	Neutral	High	Conservative substitution (same physicochemical group)
24	Trp	Tyr	L	E	Destabilizing	Medium	Hydrophobic→Charged (buried hydrophobic may become exposed charged)
25	Phe	Tyr	A	Q	Unknown	Low	A→Q (insufficient information)
25	Phe	Tyr	A	K	Destabilizing	Medium	Hydrophobic→Charged (buried hydrophobic may become exposed charged)
25	Phe	Tyr	E	Q	Unknown	Low	E→Q (insufficient information)
25	Phe	Tyr	E	K	Strongly Destabilizing	High	Charge reversal (electrostatic repulsion)
25	Phe	Trp	A	R	Destabilizing	Medium	Hydrophobic→Charged (buried hydrophobic may become exposed charged)
25	Phe	Trp	E	R	Strongly Destabilizing	High	Charge reversal (electrostatic repulsion)
25	Trp	Tyr	R	Q	Unknown	Low	R→Q (insufficient information)
25	Trp	Tyr	R	K	Neutral	High	Conservative substitution (same physicochemical group)
28	Phe	Tyr	I	A	Neutral	High	Conservative substitution (same physicochemical group)
28	Phe	Tyr	L	A	Neutral	High	Conservative substitution (same physicochemical group)
28	Phe	Trp	I	V	Neutral	High	Conservative substitution (same physicochemical group)
28	Phe	Trp	L	V	Neutral	High	Conservative substitution (same physicochemical group)
28	Trp	Tyr	V	A	Neutral	High	Conservative substitution (same physicochemical group)
31	Phe	Tyr	Q	T	Neutral	High	Conservative substitution (same physicochemical group)
31	Phe	Tyr	Q	N	Neutral	High	Conservative substitution (same physicochemical group)
31	Phe	Tyr	K	T	Unknown	Low	K→T (insufficient information)
31	Phe	Tyr	K	N	Unknown	Low	K→N (insufficient information)
31	Phe	Trp	Q	G	Destabilizing	Low	Large size change (Q→G, Δsize=-3)
31	Phe	Trp	K	G	Destabilizing	Low	Large size change (K→G, Δsize=-4)
31	Trp	Tyr	G	T	Unknown	Low	G→T (insufficient information)
31	Trp	Tyr	G	N	Unknown	Low	G→N (insufficient information)
32	Phe	Tyr	Q	S	Neutral	High	Conservative substitution (same physicochemical group)
32	Phe	Tyr	Q	A	Unknown	Low	Q→A (insufficient information)
32	Phe	Tyr	G	S	Unknown	Low	G→S (insufficient information)
32	Phe	Tyr	G	A	Unknown	Low	G→A (insufficient information)
32	Phe	Trp	Q	V	Unknown	Low	Q→V (insufficient information)
32	Phe	Trp	G	V	Unknown	Low	G→V (insufficient information)
32	Trp	Tyr	V	S	Unknown	Low	V→S (insufficient information)
32	Trp	Tyr	V	A	Neutral	High	Conservative substitution (same physicochemical group)
35	Phe	Tyr	Q	T	Neutral	High	Conservative substitution (same physicochemical group)
35	Phe	Tyr	N	T	Neutral	High	Conservative substitution (same physicochemical group)
35	Phe	Trp	Q	H	Unknown	Low	Q→H (insufficient information)
35	Phe	Trp	N	H	Unknown	Low	N→H (insufficient information)
35	Trp	Tyr	H	T	Unknown	Low	H→T (insufficient information)
42	Phe	Tyr	S	A	Unknown	Low	S→A (insufficient information)
42	Phe	Tyr	S	E	Unknown	Low	S→E (insufficient information)
42	Phe	Trp	S	R	Destabilizing	Low	Large size change (S→R, Δsize=3)
42	Trp	Tyr	R	A	Destabilizing	Low	Charged→Hydrophobic (surface charge loss, or buried hydrophobic gain)
42	Trp	Tyr	R	E	Strongly Destabilizing	High	Charge reversal (electrostatic repulsion)
44	Phe	Tyr	S	H	Unknown	Low	S→H (insufficient information)
44	Phe	Tyr	S	I	Unknown	Low	S→I (insufficient information)
44	Phe	Tyr	C	H	Destabilizing	Medium	Cysteine change (potential disulfide bond disruption)
44	Phe	Tyr	C	I	Destabilizing	Medium	Cysteine change (potential disulfide bond disruption)
44	Phe	Trp	S	E	Unknown	Low	S→E (insufficient information)
44	Phe	Trp	C	E	Destabilizing	Medium	Cysteine change (potential disulfide bond disruption)
44	Trp	Tyr	E	H	Unknown	Low	E→H (insufficient information)
44	Trp	Tyr	E	I	Destabilizing	Low	Charged→Hydrophobic (surface charge loss, or buried hydrophobic gain)
70	Phe	Tyr	Y	Q	Unknown	Low	Y→Q (insufficient information)
70	Phe	Tyr	Y	K	Unknown	Low	Y→K (insufficient information)
70	Phe	Tyr	L	Q	Unknown	Low	L→Q (insufficient information)
70	Phe	Tyr	L	K	Destabilizing	Medium	Hydrophobic→Charged (buried hydrophobic may become exposed charged)
70	Phe	Trp	Y	M	Unknown	Low	Y→M (insufficient information)
70	Phe	Trp	L	M	Neutral	High	Conservative substitution (same physicochemical group)
70	Trp	Tyr	M	Q	Unknown	Low	M→Q (insufficient information)
70	Trp	Tyr	M	K	Destabilizing	Medium	Hydrophobic→Charged (buried hydrophobic may become exposed charged)
84	Phe	Tyr	S	K	Destabilizing	Low	Large size change (S→K, Δsize=3)
84	Phe	Trp	S	Q	Neutral	High	Conservative substitution (same physicochemical group)
84	Trp	Tyr	Q	K	Unknown	Low	Q→K (insufficient information)
132	Phe	Tyr	K	D	Strongly Destabilizing	High	Charge reversal (electrostatic repulsion)
132	Phe	Tyr	K	N	Unknown	Low	K→N (insufficient information)
132	Phe	Tyr	E	D	Neutral	High	Conservative substitution (same physicochemical group)
132	Phe	Tyr	E	N	Unknown	Low	E→N (insufficient information)
132	Phe	Trp	K	Q	Unknown	Low	K→Q (insufficient information)
132	Phe	Trp	E	Q	Unknown	Low	E→Q (insufficient information)
132	Trp	Tyr	Q	D	Unknown	Low	Q→D (insufficient information)
132	Trp	Tyr	Q	N	Neutral	High	Conservative substitution (same physicochemical group)
156	Phe	Tyr	F	M	Neutral	High	Conservative substitution (same physicochemical group)
156	Phe	Tyr	F	V	Neutral	High	Conservative substitution (same physicochemical group)
156	Phe	Trp	F	I	Neutral	High	Conservative substitution (same physicochemical group)
156	Trp	Tyr	I	M	Neutral	High	Conservative substitution (same physicochemical group)
156	Trp	Tyr	I	V	Neutral	High	Conservative substitution (same physicochemical group)
191	Phe	Tyr	S	T	Neutral	High	Conservative substitution (same physicochemical group)
191	Phe	Tyr	G	T	Unknown	Low	G→T (insufficient information)
191	Phe	Trp	S	N	Neutral	High	Conservative substitution (same physicochemical group)
191	Phe	Trp	G	N	Unknown	Low	G→N (insufficient information)
191	Trp	Tyr	N	T	Neutral	High	Conservative substitution (same physicochemical group)
193	Phe	Tyr	Q	K	Unknown	Low	Q→K (insufficient information)
193	Phe	Tyr	Q	N	Neutral	High	Conservative substitution (same physicochemical group)
193	Phe	Tyr	A	K	Destabilizing	Medium	Hydrophobic→Charged (buried hydrophobic may become exposed charged)
193	Phe	Tyr	A	N	Unknown	Low	A→N (insufficient information)
193	Phe	Trp	Q	R	Unknown	Low	Q→R (insufficient information)
193	Phe	Trp	A	R	Destabilizing	Medium	Hydrophobic→Charged (buried hydrophobic may become exposed charged)
193	Trp	Tyr	R	K	Neutral	High	Conservative substitution (same physicochemical group)
193	Trp	Tyr	R	N	Unknown	Low	R→N (insufficient information)
207	Phe	Tyr	R	H	Unknown	Low	R→H (insufficient information)
207	Phe	Tyr	R	C	Destabilizing	Medium	Cysteine change (potential disulfide bond disruption)
207	Phe	Tyr	Y	H	Unknown	Low	Y→H (insufficient information)
207	Phe	Tyr	Y	C	Destabilizing	Medium	Cysteine change (potential disulfide bond disruption)
207	Phe	Trp	R	M	Destabilizing	Low	Charged→Hydrophobic (surface charge loss, or buried hydrophobic gain)
207	Phe	Trp	Y	M	Unknown	Low	Y→M (insufficient information)
207	Trp	Tyr	M	H	Unknown	Low	M→H (insufficient information)
207	Trp	Tyr	M	C	Destabilizing	Medium	Cysteine change (potential disulfide bond disruption)
